﻿<Dictionary>
  <Words>
    <Unrecognized>
      <Word></Word>
    </Unrecognized>
    <Recognized>
      <Word>Mahalanobis</Word>
      <Word>Elementwise</Word>
      <Word>Im</Word>
      <Word>Re</Word>
      <Word>Asinh</Word>
      <Word>Acosh</Word>
      <Word>Cholesky</Word>
      <Word>Eigenvalue</Word>
      <Word>Eigenvalues</Word>
      <Word>Frobenius</Word>
      <Word>Sqrt</Word>
      <Word>Submatrix</Word>
      <Word>str</Word>
      <Word>Haar</Word>
    </Recognized>
    <Deprecated>
      <Term PreferredAlternate=""></Term>
    </Deprecated>
    <Compound>
      <Term CompoundAlternate=""></Term>
    </Compound>
    <DiscreteExceptions>
      <Term>x</Term>
      <Term>y</Term>
      <Term>a</Term>
      <Term>b</Term>
    </DiscreteExceptions>
  </Words>
  <Acronyms>
    <CasingExceptions>
      <Acronym>Qr</Acronym>
      <Acronym>Lu</Acronym>
      <Acronym>IWT</Acronym>
      <Acronym>FWT</Acronym>
    </CasingExceptions>
  </Acronyms>
</Dictionary>
